symbol,artifact_root,selected_artifact_prefix,model_path_exists,vecnormalize_path_exists,features_path_exists,probability_config_path_exists,model_info_path_exists,selected_window,final_portfolio,buy_hold,ppo_minus_buy_hold,ppo_vs_buy_hold_pct,sharpe,drawdown_if_available,source_repo_or_artifact_source,notes
AAPL,models/alpaca_ppo_models_master,ppo_AAPL_window10,True,True,True,True,True,1080-1800,100191.52,86788.15,13403.37,15.443779,2.698,0.06,local deployment artifact inventory,artifact_set_complete=true
AAPL,models/alpaca_ppo_models_master,ppo_AAPL_window11,True,True,False,False,False,,,,,,,,local deployment artifact inventory,missing=features|probability_config|model_info
AAPL,models/alpaca_ppo_models_master,ppo_AAPL_window12,True,True,False,False,False,,,,,,,,local deployment artifact inventory,missing=features|probability_config|model_info
AAPL,models/alpaca_ppo_models_master,ppo_AAPL_window13,True,True,False,False,False,,,,,,,,local deployment artifact inventory,missing=features|probability_config|model_info
AAPL,models/alpaca_ppo_models_master,ppo_AAPL_window14,True,True,False,False,False,,,,,,,,local deployment artifact inventory,missing=features|probability_config|model_info
AAPL,models/alpaca_ppo_models_master,ppo_AAPL_window15,True,True,False,False,False,,,,,,,,local deployment artifact inventory,missing=features|probability_config|model_info
AAPL,models/alpaca_ppo_models_master,ppo_AAPL_window16,True,True,False,False,False,,,,,,,,local deployment artifact inventory,missing=features|probability_config|model_info
AAPL,models/alpaca_ppo_models_master,ppo_AAPL_window17,True,True,False,False,False,,,,,,,,local deployment artifact inventory,missing=features|probability_config|model_info
AAPL,models/alpaca_ppo_models_master,ppo_AAPL_window18,True,True,False,False,False,,,,,,,,local deployment artifact inventory,missing=features|probability_config|model_info
AAPL,models/alpaca_ppo_models_master,ppo_AAPL_window19,True,True,True,True,True,2160-2880,100229.12,105948.15,-5719.03,-5.397952,2.404,0.09,local deployment artifact inventory,artifact_set_complete=true
AAPL,models/alpaca_ppo_models_master,ppo_AAPL_window1,True,True,False,False,False,,,,,,,,local deployment artifact inventory,missing=features|probability_config|model_info
AAPL,models/alpaca_ppo_models_master,ppo_AAPL_window20,True,True,False,False,False,,,,,,,,local deployment artifact inventory,missing=features|probability_config|model_info
AAPL,models/alpaca_ppo_models_master,ppo_AAPL_window2,True,True,False,False,False,,,,,,,,local deployment artifact inventory,missing=features|probability_config|model_info
AAPL,models/alpaca_ppo_models_master,ppo_AAPL_window3,True,True,False,False,False,,,,,,,,local deployment artifact inventory,missing=features|probability_config|model_info
AAPL,models/alpaca_ppo_models_master,ppo_AAPL_window4,True,True,False,False,False,,,,,,,,local deployment artifact inventory,missing=features|probability_config|model_info
AAPL,models/alpaca_ppo_models_master,ppo_AAPL_window5,True,True,False,False,False,,,,,,,,local deployment artifact inventory,missing=features|probability_config|model_info
AAPL,models/alpaca_ppo_models_master,ppo_AAPL_window6,True,True,False,False,False,,,,,,,,local deployment artifact inventory,missing=features|probability_config|model_info
AAPL,models/alpaca_ppo_models_master,ppo_AAPL_window7,True,True,True,True,True,720-1440,100094.77,108421.35,-8326.58,-7.679834,4.766,0.01,local deployment artifact inventory,artifact_set_complete=true
AAPL,models/alpaca_ppo_models_master,ppo_AAPL_window8,True,True,False,False,False,,,,,,,,local deployment artifact inventory,missing=features|probability_config|model_info
AAPL,models/alpaca_ppo_models_master,ppo_AAPL_window9,True,True,False,False,False,,,,,,,,local deployment artifact inventory,missing=features|probability_config|model_info
AMD,models/alpaca_ppo_models_master,ppo_AMD_window10,True,True,True,True,True,1080-1800,100127.61,92767.31,7360.3,7.934153,2.248,0.05,local deployment artifact inventory,artifact_set_complete=true
AMD,models/alpaca_ppo_models_master,ppo_AMD_window11,True,True,False,False,False,,,,,,,,local deployment artifact inventory,missing=features|probability_config|model_info
AMD,models/alpaca_ppo_models_master,ppo_AMD_window12,True,True,False,False,False,,,,,,,,local deployment artifact inventory,missing=features|probability_config|model_info
AMD,models/alpaca_ppo_models_master,ppo_AMD_window13,True,True,False,False,False,,,,,,,,local deployment artifact inventory,missing=features|probability_config|model_info
AMD,models/alpaca_ppo_models_master,ppo_AMD_window14,True,True,True,True,True,1560-2280,100532.24,115139.65,-14607.41,-12.68669,2.246,0.25,local deployment artifact inventory,artifact_set_complete=true
AMD,models/alpaca_ppo_models_master,ppo_AMD_window15,True,True,False,False,False,,,,,,,,local deployment artifact inventory,missing=features|probability_config|model_info
AMD,models/alpaca_ppo_models_master,ppo_AMD_window16,True,True,False,False,False,,,,,,,,local deployment artifact inventory,missing=features|probability_config|model_info
AMD,models/alpaca_ppo_models_master,ppo_AMD_window17,True,True,False,False,False,,,,,,,,local deployment artifact inventory,missing=features|probability_config|model_info
AMD,models/alpaca_ppo_models_master,ppo_AMD_window18,True,True,True,True,True,2040-2760,100166.64,118846.56,-18679.92,-15.717678,1.79,0.09,local deployment artifact inventory,artifact_set_complete=true
AMD,models/alpaca_ppo_models_master,ppo_AMD_window19,True,True,False,False,False,,,,,,,,local deployment artifact inventory,missing=features|probability_config|model_info
AMD,models/alpaca_ppo_models_master,ppo_AMD_window1,True,True,False,False,False,,,,,,,,local deployment artifact inventory,missing=features|probability_config|model_info
AMD,models/alpaca_ppo_models_master,ppo_AMD_window20,True,True,False,False,False,,,,,,,,local deployment artifact inventory,missing=features|probability_config|model_info
AMD,models/alpaca_ppo_models_master,ppo_AMD_window2,True,True,False,False,False,,,,,,,,local deployment artifact inventory,missing=features|probability_config|model_info
AMD,models/alpaca_ppo_models_master,ppo_AMD_window3,True,True,False,False,False,,,,,,,,local deployment artifact inventory,missing=features|probability_config|model_info
AMD,models/alpaca_ppo_models_master,ppo_AMD_window4,True,True,False,False,False,,,,,,,,local deployment artifact inventory,missing=features|probability_config|model_info
AMD,models/alpaca_ppo_models_master,ppo_AMD_window5,True,True,False,False,False,,,,,,,,local deployment artifact inventory,missing=features|probability_config|model_info
AMD,models/alpaca_ppo_models_master,ppo_AMD_window6,True,True,False,False,False,,,,,,,,local deployment artifact inventory,missing=features|probability_config|model_info
AMD,models/alpaca_ppo_models_master,ppo_AMD_window7,True,True,False,False,False,,,,,,,,local deployment artifact inventory,missing=features|probability_config|model_info
AMD,models/alpaca_ppo_models_master,ppo_AMD_window8,True,True,False,False,False,,,,,,,,local deployment artifact inventory,missing=features|probability_config|model_info
AMD,models/alpaca_ppo_models_master,ppo_AMD_window9,True,True,False,False,False,,,,,,,,local deployment artifact inventory,missing=features|probability_config|model_info
MRK,models/alpaca_ppo_models_master,ppo_MRK_window10,True,True,False,False,False,,,,,,,,local deployment artifact inventory,missing=features|probability_config|model_info
MRK,models/alpaca_ppo_models_master,ppo_MRK_window11,True,True,True,True,True,1200-1920,100408.55,85670.83,14737.72,17.202728,2.361,0.21,local deployment artifact inventory,artifact_set_complete=true
MRK,models/alpaca_ppo_models_master,ppo_MRK_window12,True,True,False,False,False,,,,,,,,local deployment artifact inventory,missing=features|probability_config|model_info
MRK,models/alpaca_ppo_models_master,ppo_MRK_window13,True,True,False,False,False,,,,,,,,local deployment artifact inventory,missing=features|probability_config|model_info
MRK,models/alpaca_ppo_models_master,ppo_MRK_window14,True,True,False,False,False,,,,,,,,local deployment artifact inventory,missing=features|probability_config|model_info
MRK,models/alpaca_ppo_models_master,ppo_MRK_window15,True,True,False,False,False,,,,,,,,local deployment artifact inventory,missing=features|probability_config|model_info
MRK,models/alpaca_ppo_models_master,ppo_MRK_window16,True,True,False,False,False,,,,,,,,local deployment artifact inventory,missing=features|probability_config|model_info
MRK,models/alpaca_ppo_models_master,ppo_MRK_window17,True,True,True,True,True,1920-2640,100128.22,109548.14,-9419.92,-8.598886,3.094,0.02,local deployment artifact inventory,artifact_set_complete=true
MRK,models/alpaca_ppo_models_master,ppo_MRK_window18,True,True,False,False,False,,,,,,,,local deployment artifact inventory,missing=features|probability_config|model_info
MRK,models/alpaca_ppo_models_master,ppo_MRK_window19,True,True,False,False,False,,,,,,,,local deployment artifact inventory,missing=features|probability_config|model_info
MRK,models/alpaca_ppo_models_master,ppo_MRK_window1,True,True,False,False,False,,,,,,,,local deployment artifact inventory,missing=features|probability_config|model_info
MRK,models/alpaca_ppo_models_master,ppo_MRK_window20,True,True,True,True,True,2280-3000,100150.58,108815.21,-8664.63,-7.962701,3.03,0.05,local deployment artifact inventory,artifact_set_complete=true
MRK,models/alpaca_ppo_models_master,ppo_MRK_window2,True,True,False,False,False,,,,,,,,local deployment artifact inventory,missing=features|probability_config|model_info
MRK,models/alpaca_ppo_models_master,ppo_MRK_window3,True,True,False,False,False,,,,,,,,local deployment artifact inventory,missing=features|probability_config|model_info
MRK,models/alpaca_ppo_models_master,ppo_MRK_window4,True,True,False,False,False,,,,,,,,local deployment artifact inventory,missing=features|probability_config|model_info
MRK,models/alpaca_ppo_models_master,ppo_MRK_window5,True,True,False,False,False,,,,,,,,local deployment artifact inventory,missing=features|probability_config|model_info
MRK,models/alpaca_ppo_models_master,ppo_MRK_window6,True,True,False,False,False,,,,,,,,local deployment artifact inventory,missing=features|probability_config|model_info
MRK,models/alpaca_ppo_models_master,ppo_MRK_window7,True,True,False,False,False,,,,,,,,local deployment artifact inventory,missing=features|probability_config|model_info
MRK,models/alpaca_ppo_models_master,ppo_MRK_window8,True,True,False,False,False,,,,,,,,local deployment artifact inventory,missing=features|probability_config|model_info
MRK,models/alpaca_ppo_models_master,ppo_MRK_window9,True,True,False,False,False,,,,,,,,local deployment artifact inventory,missing=features|probability_config|model_info
PFE,models/alpaca_ppo_models_master,ppo_PFE_window10,True,True,False,False,False,,,,,,,,local deployment artifact inventory,missing=features|probability_config|model_info
PFE,models/alpaca_ppo_models_master,ppo_PFE_window11,True,True,True,True,True,1200-1920,100043.2,84877.49,15165.71,17.867764,3.358,0.01,local deployment artifact inventory,artifact_set_complete=true
PFE,models/alpaca_ppo_models_master,ppo_PFE_window12,True,True,False,False,False,,,,,,,,local deployment artifact inventory,missing=features|probability_config|model_info
PFE,models/alpaca_ppo_models_master,ppo_PFE_window13,True,True,False,False,False,,,,,,,,local deployment artifact inventory,missing=features|probability_config|model_info
PFE,models/alpaca_ppo_models_master,ppo_PFE_window14,True,True,False,False,False,,,,,,,,local deployment artifact inventory,missing=features|probability_config|model_info
PFE,models/alpaca_ppo_models_master,ppo_PFE_window15,True,True,False,False,False,,,,,,,,local deployment artifact inventory,missing=features|probability_config|model_info
PFE,models/alpaca_ppo_models_master,ppo_PFE_window16,True,True,False,False,False,,,,,,,,local deployment artifact inventory,missing=features|probability_config|model_info
PFE,models/alpaca_ppo_models_master,ppo_PFE_window17,True,True,True,True,True,1920-2640,100353.97,113385.16,-13031.19,-11.492853,2.956,0.1,local deployment artifact inventory,artifact_set_complete=true
PFE,models/alpaca_ppo_models_master,ppo_PFE_window18,True,True,False,False,False,,,,,,,,local deployment artifact inventory,missing=features|probability_config|model_info
PFE,models/alpaca_ppo_models_master,ppo_PFE_window19,True,True,False,False,False,,,,,,,,local deployment artifact inventory,missing=features|probability_config|model_info
PFE,models/alpaca_ppo_models_master,ppo_PFE_window1,True,True,False,False,False,,,,,,,,local deployment artifact inventory,missing=features|probability_config|model_info
PFE,models/alpaca_ppo_models_master,ppo_PFE_window20,True,True,False,False,False,,,,,,,,local deployment artifact inventory,missing=features|probability_config|model_info
PFE,models/alpaca_ppo_models_master,ppo_PFE_window2,True,True,False,False,False,,,,,,,,local deployment artifact inventory,missing=features|probability_config|model_info
PFE,models/alpaca_ppo_models_master,ppo_PFE_window3,True,True,False,False,False,,,,,,,,local deployment artifact inventory,missing=features|probability_config|model_info
PFE,models/alpaca_ppo_models_master,ppo_PFE_window4,True,True,False,False,False,,,,,,,,local deployment artifact inventory,missing=features|probability_config|model_info
PFE,models/alpaca_ppo_models_master,ppo_PFE_window5,True,True,False,False,False,,,,,,,,local deployment artifact inventory,missing=features|probability_config|model_info
PFE,models/alpaca_ppo_models_master,ppo_PFE_window6,True,True,True,True,True,600-1320,100160.06,90117.89,10042.17,11.14337,3.085,0.03,local deployment artifact inventory,artifact_set_complete=true
PFE,models/alpaca_ppo_models_master,ppo_PFE_window7,True,True,False,False,False,,,,,,,,local deployment artifact inventory,missing=features|probability_config|model_info
PFE,models/alpaca_ppo_models_master,ppo_PFE_window8,True,True,False,False,False,,,,,,,,local deployment artifact inventory,missing=features|probability_config|model_info
PFE,models/alpaca_ppo_models_master,ppo_PFE_window9,True,True,False,False,False,,,,,,,,local deployment artifact inventory,missing=features|probability_config|model_info
UNH,models/alpaca_ppo_models_master,ppo_UNH_window10,True,True,False,False,False,,,,,,,,local deployment artifact inventory,missing=features|probability_config|model_info
UNH,models/alpaca_ppo_models_master,ppo_UNH_window11,True,True,False,False,False,,,,,,,,local deployment artifact inventory,missing=features|probability_config|model_info
UNH,models/alpaca_ppo_models_master,ppo_UNH_window12,True,True,True,True,True,1320-2040,100859.67,74573.62,26286.05,35.248456,2.825,0.11,local deployment artifact inventory,artifact_set_complete=true
UNH,models/alpaca_ppo_models_master,ppo_UNH_window13,True,True,False,False,False,,,,,,,,local deployment artifact inventory,missing=features|probability_config|model_info
UNH,models/alpaca_ppo_models_master,ppo_UNH_window14,True,True,False,False,False,,,,,,,,local deployment artifact inventory,missing=features|probability_config|model_info
UNH,models/alpaca_ppo_models_master,ppo_UNH_window15,True,True,False,False,False,,,,,,,,local deployment artifact inventory,missing=features|probability_config|model_info
UNH,models/alpaca_ppo_models_master,ppo_UNH_window16,True,True,False,False,False,,,,,,,,local deployment artifact inventory,missing=features|probability_config|model_info
UNH,models/alpaca_ppo_models_master,ppo_UNH_window17,True,True,False,False,False,,,,,,,,local deployment artifact inventory,missing=features|probability_config|model_info
UNH,models/alpaca_ppo_models_master,ppo_UNH_window18,True,True,False,False,False,,,,,,,,local deployment artifact inventory,missing=features|probability_config|model_info
UNH,models/alpaca_ppo_models_master,ppo_UNH_window19,True,True,False,False,False,,,,,,,,local deployment artifact inventory,missing=features|probability_config|model_info
UNH,models/alpaca_ppo_models_master,ppo_UNH_window1,True,True,False,False,False,,,,,,,,local deployment artifact inventory,missing=features|probability_config|model_info
UNH,models/alpaca_ppo_models_master,ppo_UNH_window20,True,True,True,True,True,2280-3000,100056.92,103646.23,-3589.31,-3.46304,3.256,0.01,local deployment artifact inventory,artifact_set_complete=true
UNH,models/alpaca_ppo_models_master,ppo_UNH_window2,True,True,True,True,True,120-840,100149.89,114904.81,-14754.92,-12.840994,3.232,0.03,local deployment artifact inventory,artifact_set_complete=true
UNH,models/alpaca_ppo_models_master,ppo_UNH_window3,True,True,False,False,False,,,,,,,,local deployment artifact inventory,missing=features|probability_config|model_info
UNH,models/alpaca_ppo_models_master,ppo_UNH_window4,True,True,False,False,False,,,,,,,,local deployment artifact inventory,missing=features|probability_config|model_info
UNH,models/alpaca_ppo_models_master,ppo_UNH_window5,True,True,False,False,False,,,,,,,,local deployment artifact inventory,missing=features|probability_config|model_info
UNH,models/alpaca_ppo_models_master,ppo_UNH_window6,True,True,False,False,False,,,,,,,,local deployment artifact inventory,missing=features|probability_config|model_info
UNH,models/alpaca_ppo_models_master,ppo_UNH_window7,True,True,False,False,False,,,,,,,,local deployment artifact inventory,missing=features|probability_config|model_info
UNH,models/alpaca_ppo_models_master,ppo_UNH_window8,True,True,False,False,False,,,,,,,,local deployment artifact inventory,missing=features|probability_config|model_info
UNH,models/alpaca_ppo_models_master,ppo_UNH_window9,True,True,False,False,False,,,,,,,,local deployment artifact inventory,missing=features|probability_config|model_info
XOM,models/alpaca_ppo_models_master,ppo_XOM_window10,True,True,False,False,False,,,,,,,,local deployment artifact inventory,missing=features|probability_config|model_info
XOM,models/alpaca_ppo_models_master,ppo_XOM_window11,True,True,False,False,False,,,,,,,,local deployment artifact inventory,missing=features|probability_config|model_info
XOM,models/alpaca_ppo_models_master,ppo_XOM_window12,True,True,False,False,False,,,,,,,,local deployment artifact inventory,missing=features|probability_config|model_info
XOM,models/alpaca_ppo_models_master,ppo_XOM_window13,True,True,False,False,False,,,,,,,,local deployment artifact inventory,missing=features|probability_config|model_info
XOM,models/alpaca_ppo_models_master,ppo_XOM_window14,True,True,True,True,True,1560-2280,100187.37,101776.76,-1589.39,-1.561643,3.086,0.04,local deployment artifact inventory,artifact_set_complete=true
XOM,models/alpaca_ppo_models_master,ppo_XOM_window15,True,True,True,True,True,1680-2400,100143.45,98873.33,1270.12,1.284593,3.568,0.02,local deployment artifact inventory,artifact_set_complete=true
XOM,models/alpaca_ppo_models_master,ppo_XOM_window16,True,True,False,False,False,,,,,,,,local deployment artifact inventory,missing=features|probability_config|model_info
XOM,models/alpaca_ppo_models_master,ppo_XOM_window17,True,True,False,False,False,,,,,,,,local deployment artifact inventory,missing=features|probability_config|model_info
XOM,models/alpaca_ppo_models_master,ppo_XOM_window18,True,True,False,False,False,,,,,,,,local deployment artifact inventory,missing=features|probability_config|model_info
XOM,models/alpaca_ppo_models_master,ppo_XOM_window19,True,True,False,False,False,,,,,,,,local deployment artifact inventory,missing=features|probability_config|model_info
XOM,models/alpaca_ppo_models_master,ppo_XOM_window1,True,True,False,False,False,,,,,,,,local deployment artifact inventory,missing=features|probability_config|model_info
XOM,models/alpaca_ppo_models_master,ppo_XOM_window20,True,True,False,False,False,,,,,,,,local deployment artifact inventory,missing=features|probability_config|model_info
XOM,models/alpaca_ppo_models_master,ppo_XOM_window2,True,True,False,False,False,,,,,,,,local deployment artifact inventory,missing=features|probability_config|model_info
XOM,models/alpaca_ppo_models_master,ppo_XOM_window3,True,True,False,False,False,,,,,,,,local deployment artifact inventory,missing=features|probability_config|model_info
XOM,models/alpaca_ppo_models_master,ppo_XOM_window4,True,True,False,False,False,,,,,,,,local deployment artifact inventory,missing=features|probability_config|model_info
XOM,models/alpaca_ppo_models_master,ppo_XOM_window5,True,True,False,False,False,,,,,,,,local deployment artifact inventory,missing=features|probability_config|model_info
XOM,models/alpaca_ppo_models_master,ppo_XOM_window6,True,True,False,False,False,,,,,,,,local deployment artifact inventory,missing=features|probability_config|model_info
XOM,models/alpaca_ppo_models_master,ppo_XOM_window7,True,True,True,True,True,720-1440,100400.22,94081.05,6319.17,6.71673,3.717,0.09,local deployment artifact inventory,artifact_set_complete=true
XOM,models/alpaca_ppo_models_master,ppo_XOM_window8,True,True,False,False,False,,,,,,,,local deployment artifact inventory,missing=features|probability_config|model_info
XOM,models/alpaca_ppo_models_master,ppo_XOM_window9,True,True,False,False,False,,,,,,,,local deployment artifact inventory,missing=features|probability_config|model_info
